{"_runtime":0,"avg_loss":0.10937543858029021,"loss":0.10937543858029021,"acc":0.9792241295948078,"_step":407,"_timestamp":1.7719075965583246e+09,"epoch":9,"_wandb":{"runtime":0},"avg_acc":0.9792241295948078}