{"avg_acc":0.8835928253373296,"loss":0.08368338960348662,"_wandb":{"runtime":0},"_runtime":0,"acc":0.8835928253373296,"iter":50,"_step":407,"epoch":9,"avg_loss":0.08368338960348662,"_timestamp":1.7719065637519639e+09}