{"avg_loss":0.23542105357584914,"_wandb":{"runtime":0},"_runtime":0,"_step":407,"acc":0.7736568712642116,"loss":0.23542105357584914,"_timestamp":1.7719059297296638e+09,"avg_acc":0.7736568712642116}