{"epoch":9,"avg_acc":0.8090187112835644,"acc":0.8090187112835644,"avg_loss":0.10709483709208578,"loss":0.10709483709208578,"_timestamp":1.7719146704517946e+09,"_step":407,"_wandb":{"runtime":0},"_runtime":0}