{"_runtime":91,"optimizer/beta":0.9,"train/loss":0.893935220432987,"_step":99,"_timestamp":1.7719432613129897e+09,"val/acc":0.7105,"optimizer/lr":0.001,"_wandb":{"runtime":91},"optimizer/wd":0.05,"epoch":100,"val/loss":0.8850847206141385}